snp_id	effect_size
rs896629	-0.0604744173350758
rs7937934	-0.0542185864331261
rs11207605	-0.0486514453802255
rs10894417	-0.0661729797968907
rs28687658	-0.0606196793445802
rs570295	0.0394297002267014
rs655345	0.0359595478226373
rs942518	-0.0239973158075798
rs1026158	-0.0403936076570208
rs8192440	0.0320272372190399
rs12512502	-0.0612646351672486
rs4234805	-0.0652767021866992
rs9769600	0.0390342997246352
rs1894231	0.0198943146810301
rs2284887	-0.0421127505172024
rs6692542	0.0452249277079437
rs11132409	-0.0259629949454616
rs1504837	-0.0365809993956208
rs10764747	0.0236839221591675
rs8337	0.0278017516309844
rs11181115	0.033722818620204
rs4659633	0.0150373651604472
rs1015443	0.0363489715155729
rs751041	0.028572474218506
rs544500	-0.0364607712259988
rs1323998	0.0247590748913405
rs2337237	-0.0254670711957093
rs12507011	-0.0466117291603661
rs12330913	-0.0258311720501032
rs1152356	-0.0382415898869811
rs2987742	0.02013260418831
rs405615	-0.0269558278830369
rs2043967	-0.0375097948176801
rs4789492	-0.0264932196463531
rs10860821	-0.0204160720920487
rs7666763	0.0464466003564358
rs4791360	0.0201821597838181
rs7207798	0.0514751517284883
rs1979931	-0.0342651581648586
rs10788178	-0.0229228642295984
rs2569006	0.0248318875204503
rs1581421	0.0124065511963733
rs12703605	-0.014983600366084
rs484959	0.0424979677493507
rs7913199	-0.0215450173660855
rs10774543	0.0181694768243629
rs1696320	-0.0222458092127992
rs10100706	0.0145481824590218
rs7082486	0.0145212919007363
rs886933	0.0281035288784319
rs1886834	0.0038074978976022
rs1789087	-0.035130166714344
rs165567	0.0151204291282371
rs12886622	-0.0060954035043278
rs6442427	0.0435635112769674
rs356174	0.0251681084202036
rs780881	-0.0253375812794691
rs4835074	-0.0148508794875977
rs7923349	-0.0255913284133491
rs4734305	0.0164281496256512
rs12639248	0.0294874427276234
rs1418564	-0.0204364410325668
rs7904409	0.0066909646677926
rs2395015	-0.0048275667477024
rs950312	-0.0228159217810372
rs10772380	0.0249704807840507
rs1934115	-0.033171882731425
rs4800173	-0.0018399563552993
rs4843578	-0.0247873997775538
rs224015	-0.0270295209206658
rs756411	-0.0134795526395738
rs11646450	-0.025892467795153
rs508423	0.011727190217826
rs507119	-0.0192963344309884
rs2430894	-0.0315296355032032
rs6035409	0.0556495416719302
rs4935109	-0.0292489938594305
rs6560217	-0.0416241397086949
rs245866	-0.0395540076252306
rs1392779	0.014916105552619
rs7281007	0.0097843777293914
rs4965077	-0.0046278526541191
rs12936071	0.0122937157225827
rs1857869	-0.0090205056670779
rs7870657	-0.0305529318149218
rs9669611	0.0156963722125573
rs240993	-0.0061273124631865
rs7022772	0.0111426822926784
rs2990678	-0.01986385892098
rs11234568	0.015699737854522
rs1714821	-0.0173187788818569
rs387171	0.0278079895706762
rs6549948	0.0109945303625825
rs2633295	0.0053611211034664
rs13282410	-0.0125852203896344
rs6816095	0.0164631918720917
rs304478	0.0015682973258433
rs1918388	-0.0235147868156488
rs1183799	0.0224370177470682
rs4787076	-0.0249920478768981
rs2052927	0.0132900377465353
rs173855	0.0227789642596395
rs7547892	-0.0174687494090017
rs7796255	0.0017184155491893
rs2804982	-0.0093687177879325
rs576853	-0.0034185975230785
rs693163	0.0006102607540229
rs6602679	0.0014859429686786
rs6415585	0.0089922214064364
rs7301331	0.0128008471283645
rs1512371	0.0257597388419376
rs540729	-0.01180909804404
rs4621309	-0.0158499821828409
rs4736239	-0.0088794269725349
rs13278392	-0.0016259547530823
rs6549991	-0.0258225490881537
rs521696	0.0021192284840488
rs2890545	-0.0164427207401742
rs140161	-0.0155054642126006
rs13148235	-0.0075238264179889
rs580962	0.0215324958868556
rs4305983	0.0068179613137255
rs4973062	0.0015021899331804
rs2249911	0.0016793522305976
rs2976295	-0.0213969297281016
rs7827959	0.0181246943000889
rs10876377	0.0196217077496173
rs2573559	-0.0008506520450423
rs9899404	0.0138343848783855
rs7218628	0.0084062670410431
rs6538968	0.0133275576569919
rs10474489	-0.0319806892560751
rs154189	-0.0200557041503857
rs174838	0.0182580730774
rs1877981	-0.0070968280377348
rs12147825	-0.0094438903559819
rs4690801	-0.0069596006845834
rs360757	0.0070015040365238
rs7301462	-0.0174261308096679
rs496298	0.0023550924887998
rs10800901	0.0340885844851393
rs7301297	-0.0274587841331734
rs3905635	-0.0189973306515106
rs7679761	-0.0181626063613173
rs852069	-0.0080430465415287
rs9563035	-0.0015343025753048
rs1556122	-0.0103015082912853
rs8127260	-0.0013310958283125
rs4819996	0.0015352794922542
rs7192675	-0.0144562527766779
rs709857	0.0031370650016256
rs6433379	-0.0086504251080719
rs12025118	0.020641634371872
rs2035736	-0.0092241325950994
rs7236030	0.0081728196442445
rs35550	-0.0182083227181556
rs536002	-0.0061020554227927
rs1823941	0.0069637503244323
rs3011274	-0.0039247387615745
rs224644	0.0278764152762625
rs938087	-0.0029686168276492
rs1027242	0.0182510123899554
rs628629	0.0062397539986899
rs2804765	-0.0047949230026289
rs210910	0.0107856212250558
rs1800682	0.009230727550238
rs7968246	0.0069185066965654
rs6849988	-0.0069106642465631
rs2079548	-0.0041437750496665
rs942606	-0.0191304969779335
rs888011	-0.0110323654912412
rs8090707	-0.0006032104942343
rs1045280	0.0132359990260583
rs8037472	-0.0048825996134497
rs4904228	0.014775276701885
rs11618409	-0.0009483872641439
rs4689126	0.0187341360275921
rs174489	-0.0144628123352285
rs6680302	-0.000715306287799
rs10802881	-0.0234919137568756
rs8053779	-0.004297564327893
rs627777	0.0181454163063779
rs540874	-0.0204199078798372
rs1509701	-0.0057711109924757
rs4797793	-0.0041490569530052
rs11162634	-0.003950870786611
rs6540796	0.0021119676470397
rs11657971	-0.0065291618952846
rs978935	0.0118397756751803
rs13098912	-0.0014380374099762
rs7726244	0.0004206465638249
rs6479056	-0.0222698709751806
rs11583644	0.00334296594272
rs9517474	0.0223940401687133
rs4745122	-0.0037771415653694
rs1381389	-0.0076494680275246
rs1409432	0.0031609903747721
rs752276	-0.0072147850261687
rs6446389	-0.001757377352867
rs6473386	-0.0170553425395264
rs946327	-0.0048450703792259
rs7722773	-0.0007266698302145
rs6547526	0.0092386895052611
rs568057	-0.0112062272359164
rs8055873	0.0019399877440365
rs6497154	-0.0102189803871879
rs7093996	-0.0013734255479754
rs1574182	0.0132907613440605
rs2278619	0.0076069444551498
rs6571754	0.0007130822173077
rs2043405	-0.015962834320975
rs707025	-0.0117988235919007
rs2632706	0.0046487813233013
rs1495664	-0.0034385210929325
rs1886040	-0.0179609056070194
rs9510092	-0.0027926945175235
rs11973244	0.0053375872602594
rs4835955	0.0091082146114499
rs7504768	0.0075263783637045
rs6466899	0.0066267086985218
rs10866173	0.0096717588337792
rs3763381	-0.0048712379595831
rs4257948	0.0034062303509632
rs911228	-0.0036776545197882
rs2343278	-0.0013696730919079
